id,parent_id,name
1,NULL,レディース
2,NULL,メンズ
3,NULL,ベビー・キッズ
4,NULL,インテリア・住まい・小物
5,NULL,本・音楽・ゲーム
6,NULL,おもちゃ・ホビー・グッズ
7,NULL,コスメ・香水・美容
8,NULL,家電・スマホ・カメラ
9,NULL,スポーツ・レジャー
10,NULL,ハンドメイド
11,NULL,チケット
12,NULL,自動車・オートバイ
13,NULL,その他
14,1,トップス
15,1,ジャケット/アウター
16,1,パンツ
17,1,スカート
18,1,ワンピース
19,1,靴
20,1,ルームウェア/パジャマ
21,1,レッグウェア
22,1,帽子
23,1,バッグ
24,1,アクセサリー
25,1,ヘアアクセサリー
26,1,小物
27,1,時計
28,1,ウィッグ/エクステ
29,1,浴衣/水着
30,1,スーツ/フォーマル/ドレス
31,1,マタニティ
32,1,その他
33,2,トップス
34,2,ジャケット/アウター
35,2,パンツ
36,2,靴
37,2,バッグ
38,2,スーツ
39,2,帽子
40,2,アクセサリー
41,2,小物
42,2,時計
43,2,水着
44,2,レッグウェア
45,2,アンダーウェア
46,2,その他
47,3,ベビー服(女の子用)~95cm
48,3,ベビー服(男の子用)~95cm
49,3,ベビー服(男女兼用)~95cm
50,3,キッズ服(女の子用)100cm~
51,3,キッズ服(男の子用)100cm~
52,3,キッズ服(男女兼用)100cm~
53,3,キッズ靴
54,3,子ども用ファッション小物
55,3,おむつ/トイレ/バス
56,3,外出/移動用品
57,3,授乳/食事
58,3,ベビー家具/家具/室内用品
59,3,おもちゃ
60,3,行事/記念品
61,3,その他
62,4,キッチン/食器
63,4,ベッド/マットレス
64,4,ソファ/ソファベッド
65,4,椅子/チェア
66,4,机/テーブル
67,4,収納家具
68,4,ラグ/カーペット/マット
69,4,カーテン/ブラインド
70,4,ライト/照明
71,4,寝具
72,4,インテリア小物
73,4,季節/年中行事
74,4,その他
75,5,本
76,5,漫画
77,5,雑誌
78,5,CD
79,5,DVD/ブルーレイ
80,5,レコード
81,5,テレビゲーム
82,6,おもちゃ
83,6,タレントグッズ
84,6,コミック/アニメグッズ
85,6,トレーディングカード
86,6,フィギュア
87,6,楽器/機材
88,6,コレクション
89,6,ミリタリー
90,6,美術品
91,6,アート用品
92,6,その他
93,7,ベースメイク
94,7,メイクアップ
95,7,ネイルケア
96,7,香水
97,7,スキンケア/基礎化粧品
98,7,ヘアケア
99,7,ボディケア
100,7,オーラルケア
101,7,リラクゼーション
102,7,ダイエット
103,7,その他
104,8,スマートフォン/携帯電話
105,8,スマホアクセサリー
106,8,PC/タブレット
107,8,カメラ
108,8,テレビ/映像機器
109,8,オーディオ機器
110,8,美容/健康
111,8,冷暖房/空調
112,8,生活家電
113,8,その他
114,9,ゴルフ
115,9,フィッシング
116,9,自転車
117,9,トレーニング/エクササイズ
118,9,野球
119,9,サッカー/フットサル
120,9,テニス
121,9,スノーボード
122,9,スキー
123,9,その他スポーツ
124,9,アウトドア
125,9,その他
126,10,アクセサリー(女性用)
127,10,ファッション/小物
128,10,アクセサリー/時計
129,10,日用品/インテリア
130,10,趣味/おもちゃ
131,10,キッズ/ベビー
132,10,素材/材料
133,10,二次創作物
134,10,その他
135,11,音楽
136,11,スポーツ
137,11,演劇/芸能
138,11,イベント
139,11,映画
140,11,施設利用券
141,11,優待券/割引券
142,11,その他
143,12,自動車本体
144,12,自動車タイヤ/ホイール
145,12,自動車パーツ
146,12,自動車アクセサリー
147,12,オートバイ車体
148,12,オートバイパーツ
149,12,オートバイアクセサリー
150,13,まとめ売り
151,13,ペット用品
152,13,食品
153,13,飲料/酒
154,13,日用品/生活雑貨/旅行
155,13,アンティーク/コレクション
156,13,文房具/事務用品
157,13,事務/店舗用品
158,13,その他
159,14,Tシャツ/カットソー(半袖/袖なし)
160,14,Tシャツ/カットソー(七分/長袖)
161,14,シャツ/ブラウス(半袖/袖なし)
162,14,シャツ/ブラウス(七分/長袖)
163,14,ポロシャツ
164,14,キャミソール
165,14,タンクトップ
166,14,ホルターネック
167,14,ニット/セーター
168,14,チュニック
169,14,カーディガン/ボレロ
170,14,アンサンブル
171,14,ベスト/ジレ
172,14,パーカー
173,14,トレーナー/スウェット
174,14,ベアトップ/チューブトップ
175,14,ジャージ
176,14,その他
177,15,テーラードジャケット
178,15,ノーカラージャケット
179,15,Gジャン/デニムジャケット
180,15,レザージャケット
181,15,ダウンジャケット
182,15,ライダースジャケット
183,15,ミリタリージャケット
184,15,ダウンベスト
185,15,ジャンパー/ブルゾン
186,15,ポンチョ
187,15,ロングコート
188,15,トレンチコート
189,15,ダッフルコート
190,15,ピーコート
191,15,チェスターコート
192,15,モッズコート
193,15,スタジャン
194,15,毛皮/ファーコート
195,15,スプリングコート
196,15,スカジャン
197,15,その他
198,16,デニム/ジーンズ
199,16,ショートパンツ
200,16,カジュアルパンツ
201,16,ハーフパンツ
202,16,チノパン
203,16,ワークパンツ/カーゴパンツ
204,16,クロップドパンツ
205,16,サロペット/オーバーオール
206,16,オールインワン
207,16,サルエルパンツ
208,16,ガウチョパンツ
209,16,その他
210,17,ミニスカート
211,17,ひざ丈スカート
212,17,ロングスカート
213,17,キュロット
214,17,その他
215,18,ミニワンピース
216,18,ひざ丈ワンピース
217,18,ロングワンピース
218,18,その他
219,19,ハイヒール/パンプス
220,19,ブーツ
221,19,サンダル
222,19,スニーカー
223,19,ミュール
224,19,モカシン
225,19,ローファー/革靴
226,19,フラットシューズ/バレエシューズ
227,19,長靴/レインシューズ
228,19,その他
229,20,パジャマ
230,20,ルームウェア
231,21,ソックス
232,21,スパッツ/レギンス
233,21,ストッキング/タイツ
234,21,レッグウォーマー
235,21,その他
236,22,ニットキャップ/ビーニー
237,22,ハット
238,22,ハンチング/ベレー帽
239,22,キャップ
240,22,キャスケット
241,22,麦わら帽子
242,22,その他
243,23,ハンドバッグ
244,23,トートバッグ
245,23,エコバッグ
246,23,リュック/バックパック
247,23,ボストンバッグ
248,23,スポーツバッグ
249,23,ショルダーバッグ
250,23,クラッチバッグ
251,23,ポーチ/バニティ
252,23,ボディバッグ/ウェストバッグ
253,23,マザーズバッグ
254,23,メッセンジャーバッグ
255,23,ビジネスバッグ
256,23,旅行用バッグ/キャリーバッグ
257,23,ショップ袋
258,23,和装用バッグ
259,23,かごバッグ
260,23,その他
261,24,ネックレス
262,24,ブレスレット
263,24,バングル/リストバンド
264,24,リング
265,24,ピアス(片耳用)
266,24,ピアス(両耳用)
267,24,イヤリング
268,24,アンクレット
269,24,ブローチ/コサージュ
270,24,チャーム
271,24,その他
272,25,ヘアゴム/シュシュ
273,25,ヘアバンド/カチューシャ
274,25,ヘアピン
275,25,その他
276,26,長財布
277,26,折り財布
278,26,コインケース/小銭入れ
279,26,名刺入れ/定期入れ
280,26,キーケース
281,26,キーホルダー
282,26,手袋/アームカバー
283,26,ハンカチ
284,26,マフラー/ショール
285,26,ストール/スヌード
286,26,バンダナ/スカーフ
287,26,ネックウォーマー
288,26,サスペンダー
289,26,サングラス/メガネ
290,26,モバイルケース/カバー
291,26,手帳
292,26,イヤマフラー
293,26,傘
294,26,レインコート/ポンチョ
295,26,ミラー
296,26,タバコグッズ
297,26,その他
298,27,腕時計(アナログ)
299,27,腕時計(デジタル)
300,27,ラバーベルト
301,27,レザーベルト
302,27,金属ベルト
303,27,その他
304,28,前髪ウィッグ
305,28,ロングストレート
306,28,ロングカール
307,28,ショートストレート
308,28,ショートカール
309,28,その他
310,29,浴衣
311,29,着物
312,29,振袖
313,29,長襦袢/半襦袢
314,29,水着セパレート
315,29,水着ワンピース
316,29,水着スポーツ用
317,29,その他
318,30,スカートスーツ上下
319,30,パンツスーツ上下
320,30,ドレス
321,30,パーティバッグ
322,30,シューズ
323,30,ウェディング
324,30,その他
325,31,トップス
326,31,アウター
327,31,インナー
328,31,ワンピース
329,31,パンツ/スパッツ
330,31,スカート
331,31,パジャマ
332,31,授乳服
333,31,その他
334,32,コスプレ
335,32,下着
336,32,その他
337,33,Tシャツ/カットソー(半袖/袖なし)
338,33,Tシャツ/カットソー(七分/長袖)
339,33,シャツ
340,33,ポロシャツ
341,33,タンクトップ
342,33,ニット/セーター
343,33,パーカー
344,33,カーディガン
345,33,スウェット
346,33,ジャージ
347,33,ベスト
348,33,その他
349,34,テーラードジャケット
350,34,ノーカラージャケット
351,34,Gジャン/デニムジャケット
352,34,レザージャケット
353,34,ダウンジャケット
354,34,ライダースジャケット
355,34,ミリタリージャケット
356,34,ナイロンジャケット
357,34,フライトジャケット
358,34,ダッフルコート
359,34,ピーコート
360,34,ステンカラーコート
361,34,トレンチコート
362,34,モッズコート
363,34,チェスターコート
364,34,スタジャン
365,34,ブルゾン
366,34,マウンテンパーカー
367,34,ダウンベスト
368,34,ポンチョ
369,34,カバーオール
370,34,その他
371,35,デニム/ジーンズ
372,35,ワークパンツ/カーゴパンツ
373,35,スラックス
374,35,チノパン
375,35,ショートパンツ
376,35,ペインターパンツ
377,35,サルエルパンツ
378,35,オーバーオール
379,35,その他
380,36,スニーカー
381,36,サンダル
382,36,ブーツ
383,36,モカシン
384,36,ドレス/ビジネス
385,36,長靴/レインシューズ
386,36,デッキシューズ
387,36,その他
388,37,ショルダーバッグ
389,37,トートバッグ
390,37,ボストンバッグ
391,37,リュック/バックパック
392,37,ウエストポーチ
393,37,ボディーバッグ
394,37,ドラムバッグ
395,37,ビジネスバッグ
396,37,トラベルバッグ
397,37,メッセンジャーバッグ
398,37,エコバッグ
399,37,その他
400,38,スーツジャケット
401,38,スーツベスト
402,38,スラックス
403,38,セットアップ
404,38,その他
405,39,キャップ
406,39,ハット
407,39,ニットキャップ/ビーニー
408,39,ハンチング/ベレー帽
409,39,キャスケット
410,39,サンバイザー
411,39,その他
412,40,ネックレス
413,40,ブレスレット
414,40,バングル/リストバンド
415,40,リング
416,40,ピアス(片耳用)
417,40,ピアス(両耳用)
418,40,アンクレット
419,40,その他
420,41,長財布
421,41,折り財布
422,41,マネークリップ
423,41,コインケース/小銭入れ
424,41,名刺入れ/定期入れ
425,41,キーケース
426,41,キーホルダー
427,41,ネクタイ
428,41,手袋
429,41,ハンカチ
430,41,ベルト
431,41,マフラー
432,41,ストール
433,41,バンダナ
434,41,ネックウォーマー
435,41,サスペンダー
436,41,ウォレットチェーン
437,41,サングラス/メガネ
438,41,モバイルケース/カバー
439,41,手帳
440,41,ストラップ
441,41,ネクタイピン
442,41,カフリンクス
443,41,イヤマフラー
444,41,傘
445,41,レインコート
446,41,ミラー
447,41,タバコグッズ
448,41,その他
449,42,腕時計(アナログ)
450,42,腕時計(デジタル)
451,42,ラバーベルト
452,42,レザーベルト
453,42,金属ベルト
454,42,その他
455,43,一般水着
456,43,スポーツ用
457,43,アクセサリー
458,43,その他
459,44,ソックス
460,44,レギンス/スパッツ
461,44,レッグウォーマー
462,44,その他
463,45,トランクス
464,45,ボクサーパンツ
465,45,その他
466,47,トップス
467,47,アウター
468,47,パンツ
469,47,スカート
470,47,ワンピース
471,47,ベビードレス
472,47,おくるみ
473,47,下着/肌着
474,47,パジャマ
475,47,ロンバース
476,47,その他
477,48,トップス
478,48,アウター
479,48,パンツ
480,48,おくるみ
481,48,下着/肌着
482,48,パジャマ
483,48,ロンバース
484,48,その他
485,49,トップス
486,49,アウター
487,49,パンツ
488,49,おくるみ
489,49,下着/肌着
490,49,パジャマ
491,49,ロンバース
492,49,その他
493,50,コート
494,50,ジャケット/上着
495,50,トップス(Tシャツ/カットソー)
496,50,トップス(トレーナー)
497,50,トップス(チュニック)
498,50,トップス(タンクトップ)
499,50,トップス(その他)
500,50,スカート
501,50,パンツ
502,50,ワンピース
503,50,セットアップ
504,50,パジャマ
505,50,フォーマル/ドレス
506,50,和服
507,50,浴衣
508,50,甚平
509,50,水着
510,51,コート
511,51,ジャケット/上着
512,51,トップス(Tシャツ/カットソー)
513,51,トップス(トレーナー)
514,51,トップス(その他)
515,51,パンツ
516,51,セットアップ
517,51,パジャマ
518,51,フォーマル/ドレス
519,51,和服
520,51,浴衣
521,51,甚平
522,51,水着
523,51,その他
524,52,コート
525,52,ジャケット/上着
526,52,トップス(Tシャツ/カットソー)
527,52,トップス(トレーナー)
528,52,トップス(その他)
529,52,ボトムズ
530,52,パジャマ
531,52,その他
532,53,スニーカー
533,53,サンダル
534,53,ブーツ
535,53,長靴
536,53,その他
537,54,靴下/スパッツ
538,54,帽子
539,54,エプロン
540,54,サスペンダー
541,54,タイツ
542,54,ハンカチ
543,54,バンダナ
544,54,ベルト
545,54,マフラー
546,54,傘
547,54,手袋
548,54,スタイ
549,54,バッグ
550,54,その他
551,55,おむつ用品
552,55,おまる/補助便座
553,55,トレーニングパンツ
554,55,ベビーバス
555,55,お風呂用品
556,55,その他
557,56,ベビーカー
558,56,抱っこひも/スリング
559,56,チャイルドシート
560,56,その他
561,57,ミルク
562,57,ベビーフード
563,57,ベビー用食器
564,57,その他
565,58,ベッド
566,58,布団/毛布
567,58,イス
568,58,たんす
569,58,その他
570,59,おふろのおもちゃ
571,59,がらがら
572,59,オルゴール
573,59,ベビージム
574,59,手押し車/カタカタ
575,59,知育玩具
576,59,その他
577,60,お宮参り用品
578,60,お食い初め用品
579,60,アルバム
580,60,手形/足型
581,60,その他
582,62,食器
583,62,調理器具
584,62,収納/キッチン雑貨
585,62,弁当用品
586,62,カトラリー(スプーン等)
587,62,テーブル用品
588,62,容器
589,62,エプロン
590,62,アルコールグッズ
591,62,浄水器
592,62,その他
593,63,セミシングルベッド
594,63,シングルベッド
595,63,セミダブルベッド
596,63,ダブルベッド
597,63,ワイドダブルベッド
598,63,クイーンベッド
599,63,キングベッド
600,63,脚付きマットレスベッド
601,63,マットレス
602,63,すのこベッド
603,63,ロフトベッド/システムベッド
604,63,簡易ベッド/折りたたみベッド
605,63,収納付き
606,63,その他
607,64,ソファセット
608,64,シングルソファ
609,64,ラブソファ
610,64,トリプルソファ
611,64,オットマン
612,64,コーナーソファ
613,64,ビーズソファ/クッションソファ
614,64,ローソファ/フロアソファ
615,64,ソファベッド
616,64,応援セット
617,64,ソファカバー
618,64,リクライニングソファ
619,64,その他
620,65,一般
621,65,スツール
622,65,ダイニングチェア
623,65,ハイバックチェア
624,65,ロッキングチェア
625,65,座椅子
626,65,折り畳みイス
627,65,デスクチェア
628,65,その他
629,66,こたつ
630,66,カウンターテーブル
631,66,サイドテーブル
632,66,センターテーブル
633,66,ダイニングテーブル
634,66,座卓/ちゃぶ台
635,66,アウトドア用
636,66,パソコン用
637,66,事務机/学習机
638,66,その他
639,67,リビング収納
640,67,キッチン収納
641,67,玄関/屋外収納
642,67,バス/トイレ収納
643,67,本収納
644,67,本/CD/DVD収納
645,67,洋服タンス/押入れ収納
646,67,電話台/ファックス台
647,67,ドレッサー/屋台
648,67,棚/ラック
649,67,ケース/ボックス
650,67,その他
651,68,ラグ
652,68,カーペット
653,68,ホットカーペット
654,68,玄関/キッチンマット
655,68,トイレ/バスマット
656,68,その他
657,69,カーテン
658,69,ブラインド
659,69,ロールスクリーン
660,69,のれん
661,69,その他
662,70,蛍光灯/電球
663,70,天井照明
664,70,フロアスタンド
665,70,その他
666,71,布団/毛布
667,71,枕
668,71,シーツ/カバー
669,71,その他
670,72,ゴミ箱
671,72,ウェルカムボード
672,72,オルゴール
673,72,クッション
674,72,クッションカバー
675,72,スリッパラック
676,72,ティッシュボックス
677,72,バスケット/かご
678,72,フォトフレーム
679,72,マガジンラック
680,72,モビール
681,72,花瓶
682,72,灰皿
683,72,傘立て
684,73,正月
685,73,成人式
686,73,バレンタインデー
687,73,ひな祭り
688,73,子どもの日
689,73,母の日
690,73,父の日
691,73,サマーギフト/お中元
692,73,夏/夏休み
693,73,ハロウィン
694,73,敬老の日
695,73,七五三
696,73,お歳暮
697,73,クリスマス
698,75,文学/小説
699,75,人文/社会
700,75,ノンフィクション/教養
701,75,地図/旅行/ガイド
702,75,ビジネス/経済
703,75,健康/医学
704,75,コンピュータ/IT
705,75,趣味/スポーツ/実用
706,75,住まい/暮らし/子育て
707,75,アート/エンタメ
708,75,洋書
709,75,絵本
710,75,参考書
711,75,その他
712,76,全巻セット
713,76,少年漫画
714,76,少女漫画
715,76,青年漫画
716,76,女性漫画
717,76,同人誌
718,76,その他
719,77,アート/エンタメ/ホビー
720,77,ファッション
721,77,ニュース/総合
722,77,趣味/スポーツ
723,77,その他
724,78,邦楽
725,78,洋楽
726,78,アニメ
727,78,クラシック
728,78,K-POP/アジア
729,78,キッズ/ファミリー
730,78,その他
731,79,外国映画
732,79,日本映画
733,79,アニメ
734,79,TVドラマ
735,79,ミュージック
736,79,お笑い/バラエティ
737,79,スポーツ/フィットネス
738,79,キッズ/ファミリー
739,79,その他
740,80,邦楽
741,80,洋楽
742,80,その他
743,81,家庭用ゲーム本体
744,81,家庭用ゲームソフト
745,81,携帯用ゲーム本体
746,81,携帯用ゲームソフト
747,81,PCゲーム
748,81,その他
749,82,キャラクターグッズ
750,82,ぬいぐるみ
751,82,小物/アクセサリー
752,82,模型/プラモデル
753,82,ミニカー
754,82,トイラジコン
755,82,プラモデル
756,82,ホビーラジコン
757,82,鉄道模型
758,82,その他
759,83,アイドル
760,83,ミュージシャン
761,83,タレント/お笑い芸人
762,83,スポーツ選手
763,83,その他
764,84,ストラップ
765,84,キーホルダー
766,84,バッジ
767,84,カード
768,84,クリアファイル
769,84,ポスター
770,84,タオル
771,84,その他
772,85,遊戯王
773,85,マジック：ザ・ギャザリング
774,85,ポケモンカードゲーム
775,85,デュエル・マスターズ
776,85,バトルスピリッツ
777,85,プリパラ
778,85,アイカツ
779,85,カードファイト！ヴァンガード
780,85,ヴァイスシュヴァルツ
781,85,プロ野球オーナーズリーグ
782,85,ベースボールヒーローズ
783,85,ドラゴンボール
784,85,スリープ
785,85,その他
786,86,コミック/アニメ
787,86,特撮
788,86,ゲームキャラクター
789,86,SF/ファンタジー/ホラー
790,86,アメコミ
791,86,スポーツ
792,86,ミリタリー
793,86,その他
794,87,エレキギター
795,87,アコースティックギター
796,87,ベース
797,87,エフェクター
798,87,アンプ
799,87,弦楽器
800,87,管楽器
801,87,調整楽器
802,87,打楽器
803,87,和楽器
804,87,楽譜/スコア
805,87,レコーディング/PA機器
806,87,DJ機器
807,87,DTM/DAW
808,88,武具
809,88,使用済切手/官製はがき
810,88,旧貨幣/金貨/銀貨/記念硬貨
811,88,印刷物
812,88,ノベルティグッズ
813,88,その他
814,89,トイガン
815,89,個人装備
816,89,その他
817,90,陶芸
818,90,ガラス
819,90,漆芸
820,90,金属工芸
821,90,絵画/タペストリ
822,90,版画
823,90,彫刻/オブジェクト
824,90,書
825,90,写真
826,90,その他
827,91,画材
828,91,額縁
829,91,その他
830,92,トランプ/UNO
831,92,カルタ/百人一首
832,92,ダーツ
833,92,ビリヤード
834,92,麻雀
835,92,パズル/ジグソーパズル
836,92,囲碁/将棋
837,92,オセロ/チェス
838,92,人生ゲーム
839,92,野球/サッカーゲーム
840,92,スポーツ
841,92,三輪車/乗り物
842,92,ヨーヨー
843,92,模型製作用品
844,93,ファンデーション
845,93,化粧下地
846,93,コントロールカラー
847,93,BBクリーム
848,93,CCクリーム
849,93,コンシーラー
850,93,フェイスパウダー
851,93,トライアルセット/サンプル
852,93,その他
853,94,アイシャドウ
854,94,口紅
855,94,リップグロス
856,94,リップライナー
857,94,チーク
858,94,フェイスカラー
859,94,マスカラ
860,94,アイライナー
861,94,つけまつげ
862,94,アイブロウペンシル
863,94,パウダーアイブロウ
864,94,眉マスカラ
865,94,トライアルセット/サンプル
866,94,メイク道具/化粧小物
867,95,ネイルカラー
868,95,カラージェル
869,95,ネイルベースコート/トップコート
870,95,ネイルアート用品
871,95,ネイルパーツ
872,95,ネイルチップ/付け爪
873,95,手入れ用具
874,95,除光液
875,95,その他
876,96,香水(女性用)
877,96,香水(男性用)
878,96,ユニセックス
879,96,ボディミスト
880,96,その他
881,97,化粧水/ローション
882,97,乳液/ミルク
883,97,美容液
884,97,フェイスクリーム
885,97,洗顔料
886,97,クレンジング/メイク落とし
887,97,パック/フェイスマスク
888,97,ジェル/ゲル
889,97,ブースター/導入液
890,97,アイケア
891,97,リップケア
892,97,トライアルセット/サンプル
893,97,洗顔グッズ
894,97,その他
895,98,シャンプー
896,98,トリートメント
897,98,コンディショナー
898,98,リンス
899,98,スタイリング剤
900,98,カラーリング剤
901,98,ブラシ
902,98,その他
903,99,オイル/クリーム
904,99,ハンドクリーム
905,99,ローション
906,99,日焼け止め/サンオイル
907,99,ボディソープ
908,99,入浴剤
909,99,制汗/デオドラント
910,99,フットケア
911,99,その他
912,100,口臭防止/エチケット用品
913,100,歯ブラシ
914,100,その他
915,101,エッセンシャルオイル
916,101,芳香剤
917,101,お香/香炉
918,101,キャンドル
919,101,リラクゼーショングッズ
920,101,その他
921,102,ダイエット食品
922,102,エクササイズ用品
923,102,体重計
924,102,体脂肪計
925,102,その他
926,103,健康用品
927,103,看護/介護用品
928,103,救急/衛生用品
929,103,その他
930,104,スマートフォン本体
931,104,バッテリー/充電器
932,104,携帯電話本体
933,104,PHS本体
934,104,その他
935,105,Android用ケース
936,105,Iphone用ケース
937,105,カバー
938,105,イヤホンジャック
939,105,ストラップ
940,105,フィルム
941,105,自撮り棒
942,105,その他
943,106,タブレット
944,106,ノートPC
945,106,デスクトップ型PC
946,106,ディスプレイ
947,106,電子ブックリーダー
948,106,PC周辺機器
949,106,PCパーツ
950,106,その他
951,107,デジタルカメラ
952,107,ビデオカメラ
953,107,レンズ(単焦点)
954,107,レンズ(ズーム)
955,107,フィルムカメラ
956,107,防犯カメラ
957,107,その他
958,108,テレビ
959,108,プロジェクター
960,108,ブルーレイレコーダー
961,108,DVDレコーダー
962,108,ブルーレイプレーヤー
963,108,DVDプレーヤー
964,108,映像用ケーブル
965,108,その他
966,109,ポータブルプレーヤー
967,109,イヤフォン
968,109,ヘッドフォン
969,109,アンプ
970,109,スピーカー
971,109,ケーブル/シールド
972,109,ラジオ
973,109,その他
974,110,ヘアドライヤー
975,110,ヘアアイロン
976,110,美容機器
977,110,電気シェーバー
978,110,電動歯ブラシ
979,110,その他
980,111,エアコン
981,111,空気清浄機
982,111,加湿器
983,111,扇風機
984,111,除湿機
985,111,ファンヒーター
986,111,電気ヒーター
987,111,オイルヒーター
988,111,ストーブ
989,111,ホットカーペット
990,111,こたつ
991,111,電気毛布
992,111,その他
993,112,冷蔵庫
994,112,洗濯機
995,112,炊飯器
996,112,電子レンジ/オーブン
997,112,調理機器
998,112,アイロン
999,112,掃除機
1000,112,エスプレッソマシン
1001,112,コーヒーメーカー
1002,112,衣類乾燥機
1003,112,その他
1004,113,その他
1005,114,クラブ
1006,114,ウエア(男性用)
1007,114,ウエア(女性用)
1008,114,バッグ
1009,114,シューズ(男性用)
1010,114,シューズ(女性用)
1011,114,アクセサリー
1012,114,その他
1013,115,ロッド
1014,115,リール
1015,115,ルアー用品
1016,115,ウエア
1017,115,釣り糸/ライン
1018,115,その他
1019,116,自転車本体
1020,116,ウエア
1021,116,パーツ
1022,116,アクセサリー
1023,116,バッグ
1024,116,工具/メンテナンス
1025,116,その他
1026,117,ランニング
1027,117,ウォーキング
1028,117,ヨガ
1029,117,トレーニング用品
1030,117,その他
1031,118,ウエア
1032,118,シューズ
1033,118,グローブ
1034,118,バット
1035,118,アクセサリー
1036,118,防具
1037,118,練習機き
1038,118,記念グッズ
1039,118,応援グッズ
1040,118,その他
1041,119,ウエア
1042,119,シューズ
1043,119,ボール
1044,119,アクセサリー
1045,119,記念グッズ
1046,119,応援グッズ
1047,119,その他
1048,120,ラケット(硬式用)
1049,120,ラケット(軟式用)
1050,120,ウエア
1051,120,シューズ
1052,120,ボール
1053,120,アクセサリー
1054,120,記念グッズ
1055,120,応援グッズ
1056,120,その他
1057,121,ボード
1058,121,バインディング
1059,121,ブーツ(男性用)
1060,121,ブーツ(女性用)
1061,121,ブーツ(子ども用)
1062,121,ウエア/装備(男性用)
1063,121,ウエア/装備(女性用)
1064,121,アクセサリー
1065,121,バッグ
1066,121,その他
1067,122,板
1068,122,ブーツ(男性用)
1069,122,ブーツ(女性用)
1070,122,ブーツ(子ども用)
1071,122,ビンディング
1072,122,ウエア(男性用)
1073,122,ウエア(女性用)
1074,122,ウエア(子ども用)
1075,122,ストック
1076,122,その他
1077,123,ダンス/バレエ
1078,123,サーフィン
1079,123,バスケットボール
1080,123,バドミントン
1081,123,バレーボール
1082,123,スケートボード
1083,123,陸上競技
1084,123,ラグビー
1085,123,アメリカンフットボール
1086,123,ボクシング
1087,123,ボウリング
1088,123,その他
1089,124,テント/ターブ
1090,124,ライト/ランタン
1091,124,寝袋/寝具
1092,124,テーブル/チェア
1093,124,ストーブ/コンロ
1094,124,調理器具
1095,124,食器
1096,124,登山用品
1097,124,その他
1098,125,旅行用品
1099,125,その他
1100,126,ピアス
1101,126,イヤリング
1102,126,ネックレス
1103,126,ブレスレット
1104,126,リング
1105,126,チャーム
1106,126,ヘアゴム
1107,126,アンクレット
1108,126,その他
1109,127,バッグ(女性用)
1110,127,バッグ(男性用)
1111,127,財布(女性用)
1112,127,財布(男性用)
1113,127,ファッション雑貨
1114,127,その他
1115,128,アクセサリー(男性用)
1116,128,時計(女性用)
1117,128,時計(男性用)
1118,128,その他
1119,129,キッチン用品
1120,129,家具
1121,129,文房具
1122,129,アート/写真
1123,129,アロマ/キャンドル
1124,129,フラワー/ガーデン
1125,129,その他
1126,130,クラフト/布製品
1127,130,おもちゃ/人形
1128,130,その他
1129,131,ファッション雑貨
1130,131,スタイ/よだれかけ
1131,131,外出用品
1132,131,ネームタグ
1133,131,その他
1134,132,各種パーツ
1135,132,生地/糸
1136,132,型紙/パターン
1137,132,その他
1138,133,ingress
1139,133,クリエイターズ宇宙兄弟
1140,135,男性アイドル
1141,135,女性アイドル
1142,135,韓流
1143,135,国内アーティスト
1144,135,海外アーティスト
1145,135,音楽フェス
1146,135,声優/フェス
1147,135,その他
1148,136,サッカー
1149,136,野球
1150,136,テニス
1151,136,格闘技/プロレス
1152,136,相撲/武道
1153,136,ゴルフ
1154,136,バレーボール
1155,136,バスケットボール
1156,136,モータースポーツ
1157,136,ウインタースポーツ
1158,136,その他
1159,137,ミュージカル
1160,137,演劇
1161,137,伝統芸能
1162,137,落語
1163,137,お笑い
1164,137,オペラ
1165,137,サーカス
1166,137,バレエ
1167,137,その他
1168,138,声優/アニメ
1169,138,キッズ/ファミリー
1170,138,トークショー/講演会
1171,138,その他
1172,139,邦画
1173,139,洋画
1174,139,その他
1175,140,遊園地/テーマパーク
1176,140,美術館/博物館
1177,140,スキー場
1178,140,ゴルフ場
1179,140,フィットネスクラブ
1180,140,プール
1181,140,ボウリング場
1182,140,水族館
1183,140,動物園
1184,140,その他
1185,141,ショッピング
1186,141,レストラン/食事券
1187,141,フード/ドリンク券
1188,141,宿泊券
1189,141,その他
1190,143,国内自動車本体
1191,143,外国自動車本体
1192,144,タイヤ/ホイールセット
1193,144,タイヤ
1194,144,ホイール
1195,144,その他
1196,145,サスペンション
1197,145,ブレーキ
1198,145,外装、エアロパーツ
1199,145,ライト
1200,145,内装品、シート
1201,145,ステアリング
1202,145,マフラー・排気系
1203,145,エンジン、過給機、冷却装置
1204,145,クラッチ、ミッション、駆動系
1205,145,電装品
1206,145,補強パーツ
1207,145,汎用パーツ
1208,145,外国自動車用パーツ
1209,145,その他
1210,146,車内アクセサリー
1211,146,カーナビ
1212,146,カーオーディオ
1213,146,車外アクセサリー
1214,146,メンテナンス用品
1215,146,チャイルドシート
1216,146,ドライブレコーダー
1217,146,レーダー探知機
1218,146,カタログ/マニュアル
1219,146,セキュリティ
1220,146,ETC
1221,146,その他
1222,148,タイヤ
1223,148,マフラー
1224,148,エンジン、冷却装置
1225,148,カウル、フェンダー、外装
1226,148,サスペンション
1227,148,ホイール
1228,148,シート
1229,148,ブレーキ
1230,148,タンク
1231,148,ライト、ウインカー
1232,148,チェーン、スプロケット、駆動系
1233,148,メーター
1234,148,電装系
1235,148,ミラー
1236,149,ヘルメット/シールド
1237,149,バイクウェア/装備
1238,149,アクセサリー
1239,149,メンテナンス
1240,149,カタログ/マニュアル
1241,149,その他
1242,151,ペットフード
1243,151,犬用品
1244,151,猫用品
1245,151,魚用品/水草
1246,151,小動物用品
1247,151,爬虫類/両生類用品
1248,151,かご/おり
1249,151,鳥用品
1250,151,虫類用品
1251,151,その他
1252,152,菓子
1253,152,米
1254,152,野菜
1255,152,果物
1256,152,調味料
1257,152,魚介類(加工食品)
1258,152,肉類(加工食品)
1259,152,その他 加工食品
1260,152,その他
1261,153,コーヒー
1262,153,ソフトドリンク
1263,153,ミネラルウォーター
1264,153,茶
1265,153,ウイスキー
1266,153,ワイン
1267,153,ブランデー
1268,153,焼酎
1269,153,日本酒
1270,153,ビール、発泡酒
1271,153,その他
1272,154,タオル/バス用品
1273,154,日用品/生活雑貨
1274,154,洗剤/柔軟剤
1275,154,旅行用品
1276,154,防災関連グッズ
1277,154,その他
1278,155,雑貨
1279,155,工芸品
1280,155,家具
1281,155,印刷物
1282,155,その他
1283,156,筆記具
1284,156,ノート/メモ帳
1285,156,テープ/マスキングテープ
1286,156,カレンダー/スケジュール
1287,156,アルバム/スクラップ
1288,156,ファイル/バインダー
1289,156,はさみ/カッター
1290,156,カードホルダー/名刺管理
1291,156,のり/ホッチキス
1292,156,その他
1293,157,オフィス用品一般
1294,157,オフィス家具
1295,157,店舗用品
1296,157,OA機器
1297,157,ラッピング/包装
1298,157,その他
